date,player,team,opp,line,proj,p_over,side,p_side,shots,result
2026-05-02,C. Dvorak,PHI,CAR,1.5,1.648,0.477,UNDER,0.523,0,hit
2026-05-01,C. Keller,UTA,VGK,2.5,2.56,0.458,UNDER,0.542,7,miss
2026-05-01,D. Guenther,UTA,VGK,3.5,2.971,0.346,UNDER,0.654,1,hit
2026-05-01,I. Barbashev,VGK,UTA,1.5,1.581,0.457,UNDER,0.543,2,miss
2026-05-02,J. Slavin,CAR,PHI,1.5,1.574,0.455,UNDER,0.545,0,hit
2026-05-02,K. Miller,CAR,PHI,1.5,1.516,0.437,UNDER,0.563,0,hit
2026-05-02,M. Michkov,PHI,CAR,1.5,1.711,0.495,UNDER,0.505,0,hit
2026-05-01,M. Carcone,UTA,VGK,1.5,1.712,0.496,UNDER,0.504,1,hit
2026-05-01,N. Hanifin,VGK,UTA,1.5,1.723,0.499,UNDER,0.501,0,hit
2026-05-02,R. Ristolainen,PHI,CAR,1.5,1.313,0.372,UNDER,0.628,3,miss
2026-05-02,T. Zegras,PHI,CAR,1.5,1.656,0.48,UNDER,0.52,0,hit
2026-05-03,A. Cirelli,TBL,MTL,1.5,1.761,0.51,OVER,0.51,0,miss
2026-05-02,C. Dvorak,PHI,CAR,1.5,1.648,0.477,UNDER,0.523,0,hit
2026-05-03,D. Raddysh,TBL,MTL,3.5,3.105,0.373,UNDER,0.627,2,hit
2026-05-03,D. Toews,COL,MIN,1.5,1.739,0.503,OVER,0.503,1,miss
2026-05-03,J. Moser,TBL,MTL,1.5,1.418,0.406,UNDER,0.594,0,hit
2026-05-03,J. Slafkovský,MTL,TBL,2.5,2.186,0.369,UNDER,0.631,1,hit
2026-05-03,L. Hutson,MTL,TBL,1.5,1.455,0.418,UNDER,0.582,0,hit
2026-05-02,M. Michkov,PHI,CAR,1.5,1.711,0.495,UNDER,0.505,0,hit
2026-05-02,R. Ristolainen,PHI,CAR,1.5,1.313,0.372,UNDER,0.628,3,miss
2026-05-02,T. Zegras,PHI,CAR,1.5,1.656,0.48,UNDER,0.52,0,hit
2026-05-03,V. Tarasenko,MIN,COL,1.5,1.765,0.511,OVER,0.511,2,hit
2026-05-04,C. Kreider,ANA,VGK,1.5,1.559,0.451,UNDER,0.549,1,hit
2026-05-04,C. Dvorak,PHI,CAR,1.5,1.614,0.467,UNDER,0.533,4,miss
2026-05-04,I. Barbashev,VGK,ANA,1.5,1.649,0.477,UNDER,0.523,1,hit
2026-05-04,J. Staal,CAR,PHI,1.5,1.512,0.436,UNDER,0.564,0,hit
2026-05-04,K. Miller,CAR,PHI,1.5,1.486,0.428,UNDER,0.572,2,miss
2026-05-04,L. Stankoven,CAR,PHI,2.5,2.17,0.365,UNDER,0.635,4,miss
2026-05-04,M. Granlund,ANA,VGK,1.5,1.736,0.503,OVER,0.503,2,hit
2026-05-04,N. Hanifin,VGK,ANA,1.5,1.763,0.51,OVER,0.51,2,hit
2026-05-04,R. Ristolainen,PHI,CAR,1.5,1.334,0.379,UNDER,0.621,2,miss
2026-05-04,T. Zegras,PHI,CAR,1.5,1.619,0.469,UNDER,0.531,4,miss
2026-05-03,V. Tarasenko,MIN,COL,1.5,1.765,0.511,OVER,0.511,2,hit
2026-05-06,A. Tuch,BUF,MTL,2.5,2.657,0.479,UNDER,0.521,1,hit
2026-05-06,B. Byram,BUF,MTL,1.5,1.461,0.42,UNDER,0.58,2,miss
2026-05-04,C. Kreider,ANA,VGK,1.5,1.559,0.451,UNDER,0.549,1,hit
2026-05-05,D. Toews,COL,MIN,1.5,1.757,0.509,OVER,0.509,1,miss
2026-05-04,I. Barbashev,VGK,ANA,1.5,1.649,0.477,UNDER,0.523,1,hit
2026-05-06,J. Norris,BUF,MTL,1.5,1.629,0.472,UNDER,0.528,0,hit
2026-05-06,J. Slafkovský,MTL,BUF,2.5,2.252,0.385,UNDER,0.615,4,miss
2026-05-06,L. Hutson,MTL,BUF,1.5,1.482,0.427,UNDER,0.573,4,miss
2026-05-04,M. Granlund,ANA,VGK,1.5,1.736,0.503,OVER,0.503,2,hit
2026-05-04,N. Hanifin,VGK,ANA,1.5,1.763,0.51,OVER,0.51,2,hit
2026-05-06,T. Thompson,BUF,MTL,3.5,3.427,0.435,UNDER,0.565,0,hit
2026-05-05,V. Tarasenko,MIN,COL,1.5,1.787,0.517,OVER,0.517,2,hit
2026-05-07,A. Svechnikov,CAR,PHI,2.5,2.383,0.417,UNDER,0.583,3,miss
2026-05-06,B. Byram,BUF,MTL,1.5,1.461,0.42,UNDER,0.58,2,miss
2026-05-06,C. Kreider,ANA,VGK,1.5,1.57,0.454,UNDER,0.546,2,miss
2026-05-07,C. Dvorak,PHI,CAR,1.5,1.737,0.503,OVER,0.503,1,miss
2026-05-05,D. Toews,COL,MIN,1.5,1.757,0.509,OVER,0.509,1,miss
2026-05-06,I. Barbashev,VGK,ANA,1.5,1.628,0.471,UNDER,0.529,5,miss
2026-05-06,J. Trouba,ANA,VGK,1.5,1.805,0.522,OVER,0.522,2,hit
2026-05-06,J. Norris,BUF,MTL,1.5,1.629,0.472,UNDER,0.528,0,hit
2026-05-06,J. Slafkovský,MTL,BUF,2.5,2.252,0.385,UNDER,0.615,4,miss
2026-05-06,L. Hutson,MTL,BUF,1.5,1.482,0.427,UNDER,0.573,4,miss
2026-05-07,N. Ehlers,CAR,PHI,2.5,2.353,0.409,UNDER,0.591,2,hit
2026-05-07,R. Ristolainen,PHI,CAR,1.5,1.421,0.407,UNDER,0.593,0,hit
2026-05-07,S. Couturier,PHI,CAR,1.5,1.554,0.449,UNDER,0.551,1,hit
2026-05-07,S. Walker,CAR,PHI,1.5,1.948,0.56,OVER,0.56,2,hit
2026-05-07,S. Aho,CAR,PHI,2.5,2.293,0.395,UNDER,0.605,0,hit
2026-05-07,S. Gostisbehere,CAR,PHI,1.5,1.757,0.508,OVER,0.508,2,hit
2026-05-06,T. Terry,ANA,VGK,2.5,2.308,0.399,UNDER,0.601,2,hit
2026-05-05,V. Tarasenko,MIN,COL,1.5,1.787,0.517,OVER,0.517,2,hit
2026-05-07,A. Svechnikov,CAR,PHI,2.5,2.383,0.417,UNDER,0.583,3,miss
2026-05-06,C. Kreider,ANA,VGK,1.5,1.57,0.454,UNDER,0.546,2,miss
2026-05-07,C. Dvorak,PHI,CAR,1.5,1.737,0.503,OVER,0.503,1,miss
2026-05-06,C. Gauthier,ANA,VGK,3.5,3.031,0.358,UNDER,0.642,4,miss
2026-05-06,J. Trouba,ANA,VGK,1.5,1.805,0.522,OVER,0.522,2,hit
2026-05-07,M. Michkov,PHI,CAR,1.5,1.789,0.517,OVER,0.517,2,hit
2026-05-06,N. Hanifin,VGK,ANA,1.5,1.756,0.508,OVER,0.508,0,miss
2026-05-07,R. Ristolainen,PHI,CAR,1.5,1.421,0.407,UNDER,0.593,0,hit
2026-05-07,S. Walker,CAR,PHI,1.5,1.948,0.56,OVER,0.56,2,hit
2026-05-07,S. Gostisbehere,CAR,PHI,1.5,1.757,0.508,OVER,0.508,2,hit
2026-05-07,A. Svechnikov,CAR,PHI,2.5,2.383,0.417,UNDER,0.583,3,miss
2026-05-08,B. Byram,BUF,MTL,1.5,1.452,0.417,UNDER,0.583,1,hit
2026-05-09,B. Burns,COL,MIN,1.5,1.928,0.555,OVER,0.555,1,miss
2026-05-08,C. Kreider,ANA,VGK,1.5,1.65,0.478,UNDER,0.522,3,miss
2026-05-07,C. Dvorak,PHI,CAR,1.5,1.737,0.503,OVER,0.503,1,miss
2026-05-08,J. Trouba,ANA,VGK,1.5,1.88,0.542,OVER,0.542,3,hit
2026-05-08,L. Hutson,MTL,BUF,1.5,1.524,0.44,UNDER,0.56,3,miss
2026-05-07,M. Michkov,PHI,CAR,1.5,1.789,0.517,OVER,0.517,2,hit
2026-05-07,R. Ristolainen,PHI,CAR,1.5,1.421,0.407,UNDER,0.593,0,hit
2026-05-09,R. Hartman,MIN,COL,2.5,2.357,0.41,UNDER,0.59,3,miss
2026-05-07,S. Walker,CAR,PHI,1.5,1.948,0.56,OVER,0.56,2,hit
2026-05-07,S. Gostisbehere,CAR,PHI,1.5,1.757,0.508,OVER,0.508,2,hit
2026-05-08,T. Hertl,VGK,ANA,1.5,2.069,0.59,OVER,0.59,1,miss
2026-05-08,T. Terry,ANA,VGK,2.5,2.406,0.422,UNDER,0.578,2,hit
2026-05-08,W. Karlsson,VGK,ANA,1.5,1.825,0.527,OVER,0.527,2,hit
2026-05-08,Z. Benson,BUF,MTL,1.5,1.788,0.517,OVER,0.517,1,miss
2026-05-09,B. Burns,COL,MIN,1.5,1.928,0.555,OVER,0.555,1,miss
2026-05-08,B. Howden,VGK,ANA,1.5,1.314,0.372,UNDER,0.628,1,hit
2026-05-08,C. Kreider,ANA,VGK,1.5,1.65,0.478,UNDER,0.522,3,miss
2026-05-08,C. Gauthier,ANA,VGK,3.5,3.17,0.386,UNDER,0.614,2,hit
2026-05-08,J. Trouba,ANA,VGK,1.5,1.88,0.542,OVER,0.542,3,hit
2026-05-09,L. Stankoven,CAR,PHI,2.5,2.167,0.364,UNDER,0.636,2,hit
2026-05-09,R. Hartman,MIN,COL,2.5,2.357,0.41,UNDER,0.59,3,miss
2026-05-09,S. Couturier,PHI,CAR,1.5,1.543,0.446,UNDER,0.554,0,hit
2026-05-09,S. Walker,CAR,PHI,1.5,1.953,0.561,OVER,0.561,2,hit
2026-05-09,S. Jarvis,CAR,PHI,2.5,2.707,0.491,UNDER,0.509,4,miss
2026-05-08,T. Hertl,VGK,ANA,1.5,2.069,0.59,OVER,0.59,1,miss
2026-05-09,T. Zegras,PHI,CAR,1.5,1.733,0.502,OVER,0.502,0,miss
2026-05-08,T. Terry,ANA,VGK,2.5,2.406,0.422,UNDER,0.578,2,hit
2026-05-09,T. Foerster,PHI,CAR,1.5,1.767,0.511,OVER,0.511,2,hit
2026-05-08,W. Karlsson,VGK,ANA,1.5,1.825,0.527,OVER,0.527,2,hit
2026-05-09,B. Burns,COL,MIN,1.5,1.928,0.555,OVER,0.555,1,miss
2026-05-10,C. Kreider,ANA,VGK,1.5,1.682,0.487,UNDER,0.513,0,hit
2026-05-10,C. Gauthier,ANA,VGK,3.5,3.17,0.386,UNDER,0.614,4,miss
2026-05-10,J. Trouba,ANA,VGK,1.5,1.907,0.549,OVER,0.549,3,hit
2026-05-10,J. Slafkovský,MTL,BUF,2.5,2.342,0.407,UNDER,0.593,4,miss
2026-05-09,M. Boldy,MIN,COL,3.5,3.327,0.416,UNDER,0.584,5,miss
2026-05-10,R. Dahlin,BUF,MTL,2.5,2.505,0.445,UNDER,0.555,3,miss
2026-05-10,T. Terry,ANA,VGK,2.5,2.416,0.424,UNDER,0.576,0,hit
2026-05-10,Z. Benson,BUF,MTL,1.5,1.721,0.498,UNDER,0.502,3,miss
2026-05-11,B. Burns,COL,MIN,1.5,1.919,0.552,OVER,0.552,2,hit
2026-05-10,C. Kreider,ANA,VGK,1.5,1.682,0.487,UNDER,0.513,0,hit
2026-05-10,C. Gauthier,ANA,VGK,3.5,3.17,0.386,UNDER,0.614,4,miss
2026-05-10,M. McTavish,ANA,VGK,1.5,1.743,0.505,OVER,0.505,3,hit
2026-05-10,T. Terry,ANA,VGK,2.5,2.416,0.424,UNDER,0.576,0,hit
2026-05-13,G. Landeskog,COL,MIN,2.5,2.442,0.43,UNDER,0.57,4,miss
2026-05-12,I. Barbashev,VGK,ANA,1.5,1.682,0.487,UNDER,0.513,1,hit
2026-05-12,J. LaCombe,ANA,VGK,1.5,1.669,0.483,UNDER,0.517,1,hit
2026-05-12,J. Trouba,ANA,VGK,1.5,1.85,0.534,OVER,0.534,1,miss
2026-05-13,J. Manson,COL,MIN,1.5,1.696,0.491,UNDER,0.509,1,hit
2026-05-13,M. Boldy,MIN,COL,3.5,3.18,0.388,UNDER,0.612,5,miss
2026-05-13,N. Kadri,COL,MIN,2.5,2.771,0.504,OVER,0.504,1,miss
2026-05-12,P. Dorofeyev,VGK,ANA,2.5,2.708,0.491,UNDER,0.509,4,miss
2026-05-13,R. Hartman,MIN,COL,2.5,2.299,0.396,UNDER,0.604,3,miss
2026-05-14,A. Tuch,BUF,MTL,2.5,2.692,0.487,UNDER,0.513,2,hit
2026-05-14,B. Byram,BUF,MTL,1.5,1.448,0.416,UNDER,0.584,4,miss
2026-05-14,J. LaCombe,ANA,VGK,1.5,1.752,0.507,OVER,0.507,3,hit
2026-05-14,J. Zucker,BUF,MTL,1.5,1.903,0.548,OVER,0.548,2,hit
2026-05-13,J. Manson,COL,MIN,1.5,1.696,0.491,UNDER,0.509,1,hit
2026-05-14,J. Slafkovský,MTL,BUF,2.5,2.348,0.408,UNDER,0.592,2,hit
2026-05-14,L. Hutson,MTL,BUF,1.5,1.521,0.439,UNDER,0.561,1,hit
2026-05-14,M. McTavish,ANA,VGK,1.5,1.823,0.527,OVER,0.527,2,hit
2026-05-13,M. Boldy,MIN,COL,3.5,3.18,0.388,UNDER,0.612,5,miss
2026-05-14,N. Hanifin,VGK,ANA,1.5,1.637,0.474,UNDER,0.526,2,miss
2026-05-14,P. Dorofeyev,VGK,ANA,2.5,2.631,0.474,UNDER,0.526,3,miss
2026-05-13,V. Tarasenko,MIN,COL,1.5,1.749,0.506,OVER,0.506,1,miss
2026-05-14,W. Karlsson,VGK,ANA,1.5,1.839,0.531,OVER,0.531,0,miss
2026-05-14,J. LaCombe,ANA,VGK,1.5,1.752,0.507,OVER,0.507,3,hit
2026-05-14,M. McTavish,ANA,VGK,1.5,1.823,0.527,OVER,0.527,2,hit
2026-05-14,N. Hanifin,VGK,ANA,1.5,1.637,0.474,UNDER,0.526,2,miss
2026-05-16,A. Tuch,BUF,MTL,2.5,2.589,0.464,UNDER,0.536,4,miss
2026-05-16,B. Byram,BUF,MTL,1.5,1.441,0.414,UNDER,0.586,2,miss
2026-05-16,C. Caufield,MTL,BUF,3.0,3.06,0.455,UNDER,0.545,2,hit
2026-05-16,J. Zucker,BUF,MTL,1.5,1.842,0.532,OVER,0.532,2,hit
2026-05-16,J. Doan,BUF,MTL,2.0,2.0,0.431,UNDER,0.569,2,push
2026-05-16,J. Slafkovský,MTL,BUF,2.5,2.428,0.427,UNDER,0.573,3,miss
2026-05-16,L. Hutson,MTL,BUF,1.5,1.563,0.452,UNDER,0.548,1,hit
2026-05-16,N. Suzuki,MTL,BUF,2.5,2.274,0.39,UNDER,0.61,2,hit
2026-05-16,A. Tuch,BUF,MTL,2.5,2.589,0.464,UNDER,0.536,4,miss
2026-05-16,B. Byram,BUF,MTL,1.5,1.441,0.414,UNDER,0.586,2,miss
2026-05-16,C. Caufield,MTL,BUF,3.0,3.06,0.455,UNDER,0.545,2,hit
2026-05-16,J. Zucker,BUF,MTL,1.5,1.842,0.532,OVER,0.532,2,hit
2026-05-16,J. Doan,BUF,MTL,2.0,2.0,0.431,UNDER,0.569,2,push
2026-05-16,J. Norris,BUF,MTL,1.5,1.582,0.458,UNDER,0.542,2,miss
2026-05-16,J. Slafkovský,MTL,BUF,2.5,2.428,0.427,UNDER,0.573,3,miss
2026-05-16,L. Hutson,MTL,BUF,1.5,1.563,0.452,UNDER,0.548,1,hit
2026-05-16,N. Suzuki,MTL,BUF,2.5,2.274,0.39,UNDER,0.61,2,hit
2026-05-18,A. Tuch,BUF,MTL,2.5,2.729,0.495,UNDER,0.505,5,miss
2026-05-18,J. Quinn,BUF,MTL,2.5,2.355,0.41,UNDER,0.59,2,hit
2026-05-18,J. Slafkovský,MTL,BUF,2.5,2.325,0.403,UNDER,0.597,3,miss
2026-05-18,L. Hutson,MTL,BUF,1.5,1.487,0.428,UNDER,0.572,1,hit
2026-05-18,T. Thompson,BUF,MTL,3.5,3.336,0.418,UNDER,0.582,5,miss
2026-05-20,G. Landeskog,COL,VGK,2.5,2.26,0.387,UNDER,0.613,3,miss
2026-05-20,N. Kadri,COL,VGK,2.5,2.478,0.439,UNDER,0.561,5,miss
2026-05-20,P. Dorofeyev,VGK,COL,2.5,2.532,0.451,UNDER,0.549,3,miss
2026-05-20,R. Andersson,VGK,COL,1.5,1.867,0.539,OVER,0.539,0,miss
2026-05-20,T. Hertl,VGK,COL,1.5,1.892,0.545,OVER,0.545,1,miss
2026-05-20,W. Karlsson,VGK,COL,1.5,1.728,0.5,OVER,0.5,1,miss
2026-05-21,A. Svechnikov,CAR,MTL,3.0,2.677,0.357,UNDER,0.643,2,hit
2026-05-21,J. Slavin,CAR,MTL,1.5,1.764,0.51,OVER,0.51,0,miss
2026-05-20,J. Eichel,VGK,COL,3.0,2.998,0.439,UNDER,0.561,3,push
2026-05-21,J. Chatfield,CAR,MTL,1.5,1.554,0.449,UNDER,0.551,2,miss
2026-05-21,J. Staal,CAR,MTL,1.5,1.647,0.477,UNDER,0.523,0,hit
2026-05-21,L. Stankoven,CAR,MTL,2.5,2.407,0.422,UNDER,0.578,2,hit
2026-05-20,M. Marner,VGK,COL,2.0,1.966,0.419,UNDER,0.581,2,push
2026-05-20,N. MacKinnon,COL,VGK,4.0,3.958,0.436,UNDER,0.564,3,hit
2026-05-20,N. Kadri,COL,VGK,2.5,2.478,0.439,UNDER,0.561,5,miss
2026-05-21,N. Ehlers,CAR,MTL,2.5,2.606,0.468,UNDER,0.532,1,hit
2026-05-21,N. Dobson,MTL,CAR,1.5,1.685,0.488,UNDER,0.512,1,hit
2026-05-20,P. Dorofeyev,VGK,COL,2.5,2.532,0.451,UNDER,0.549,3,miss
2026-05-21,S. Aho,CAR,MTL,2.5,2.524,0.45,UNDER,0.55,3,miss
2026-05-21,S. Jarvis,CAR,MTL,3.0,3.034,0.448,UNDER,0.552,5,miss
2026-05-21,S. Gostisbehere,CAR,MTL,2.0,2.035,0.442,UNDER,0.558,0,hit
2026-05-20,T. Hertl,VGK,COL,1.5,1.892,0.545,OVER,0.545,1,miss
2026-05-20,V. Nichushkin,COL,VGK,1.5,1.938,0.557,OVER,0.557,3,hit
2026-05-20,W. Karlsson,VGK,COL,1.5,1.728,0.5,OVER,0.5,1,miss
2026-05-21,A. Svechnikov,CAR,MTL,3.0,2.677,0.357,UNDER,0.643,2,hit
2026-05-21,J. Slavin,CAR,MTL,1.5,1.764,0.51,OVER,0.51,0,miss
2026-05-20,J. Eichel,VGK,COL,3.0,2.998,0.439,UNDER,0.561,3,push
2026-05-21,J. Chatfield,CAR,MTL,1.5,1.554,0.449,UNDER,0.551,2,miss
2026-05-21,J. Staal,CAR,MTL,1.5,1.647,0.477,UNDER,0.523,0,hit
2026-05-21,L. Stankoven,CAR,MTL,2.5,2.407,0.422,UNDER,0.578,2,hit
2026-05-20,M. Marner,VGK,COL,2.0,1.966,0.419,UNDER,0.581,2,push
2026-05-20,N. MacKinnon,COL,VGK,4.0,3.958,0.436,UNDER,0.564,3,hit
2026-05-20,N. Kadri,COL,VGK,2.5,2.478,0.439,UNDER,0.561,5,miss
2026-05-21,N. Ehlers,CAR,MTL,2.5,2.606,0.468,UNDER,0.532,1,hit
2026-05-21,N. Dobson,MTL,CAR,1.5,1.685,0.488,UNDER,0.512,1,hit
2026-05-20,P. Dorofeyev,VGK,COL,2.5,2.532,0.451,UNDER,0.549,3,miss
2026-05-20,R. Colton,COL,VGK,1.5,1.784,0.516,OVER,0.516,3,hit
2026-05-21,S. Aho,CAR,MTL,2.5,2.524,0.45,UNDER,0.55,3,miss
2026-05-21,S. Jarvis,CAR,MTL,3.0,3.034,0.448,UNDER,0.552,5,miss
2026-05-21,S. Gostisbehere,CAR,MTL,2.0,2.035,0.442,UNDER,0.558,0,hit
2026-05-20,T. Hertl,VGK,COL,1.5,1.892,0.545,OVER,0.545,1,miss
2026-05-20,W. Karlsson,VGK,COL,1.5,1.728,0.5,OVER,0.5,1,miss
2026-05-21,A. Svechnikov,CAR,MTL,3.0,2.677,0.357,UNDER,0.643,2,hit
2026-05-22,B. Burns,COL,VGK,2.0,1.852,0.38,UNDER,0.62,5,miss
2026-05-22,D. Toews,COL,VGK,1.5,1.589,0.46,UNDER,0.54,3,miss
2026-05-22,G. Landeskog,COL,VGK,2.5,2.31,0.399,UNDER,0.601,3,miss
2026-05-21,J. Slavin,CAR,MTL,1.5,1.764,0.51,OVER,0.51,0,miss
2026-05-22,J. Eichel,VGK,COL,3.0,2.992,0.438,UNDER,0.562,2,hit
2026-05-21,J. Chatfield,CAR,MTL,1.5,1.554,0.449,UNDER,0.551,2,miss
2026-05-21,J. Staal,CAR,MTL,1.5,1.647,0.477,UNDER,0.523,0,hit
2026-05-22,N. MacKinnon,COL,VGK,4.0,3.984,0.442,UNDER,0.558,1,hit
2026-05-22,N. Kadri,COL,VGK,2.5,2.548,0.455,UNDER,0.545,2,hit
2026-05-21,N. Ehlers,CAR,MTL,2.5,2.606,0.468,UNDER,0.532,1,hit
2026-05-21,N. Dobson,MTL,CAR,1.5,1.685,0.488,UNDER,0.512,1,hit
2026-05-22,R. Colton,COL,VGK,1.5,1.814,0.524,OVER,0.524,1,miss
2026-05-22,S. Malinski,COL,VGK,2.0,2.026,0.439,UNDER,0.561,3,miss
2026-05-21,S. Aho,CAR,MTL,2.5,2.524,0.45,UNDER,0.55,3,miss
2026-05-21,S. Jarvis,CAR,MTL,3.0,3.034,0.448,UNDER,0.552,5,miss
2026-05-21,S. Gostisbehere,CAR,MTL,2.0,2.035,0.442,UNDER,0.558,0,hit
2026-05-22,S. Theodore,VGK,COL,2.0,1.776,0.354,UNDER,0.646,1,hit
2026-05-22,T. Hertl,VGK,COL,1.5,1.868,0.539,OVER,0.539,1,miss
2026-05-22,W. Karlsson,VGK,COL,1.5,1.728,0.5,OVER,0.5,2,hit
2026-05-23,A. Newhook,MTL,CAR,1.5,1.451,0.417,UNDER,0.583,1,hit
2026-05-22,B. Burns,COL,VGK,2.0,1.852,0.38,UNDER,0.62,5,miss
2026-05-22,B. Nelson,COL,VGK,2.0,2.199,0.495,UNDER,0.505,1,hit
2026-05-23,C. Caufield,MTL,CAR,2.5,2.598,0.466,UNDER,0.534,1,hit
2026-05-22,D. Toews,COL,VGK,1.5,1.589,0.46,UNDER,0.54,3,miss
2026-05-22,G. Landeskog,COL,VGK,2.5,2.31,0.399,UNDER,0.601,3,miss
2026-05-23,J. Slavin,CAR,MTL,1.5,1.725,0.5,UNDER,0.5,0,hit
2026-05-22,J. Eichel,VGK,COL,3.0,2.992,0.438,UNDER,0.562,2,hit
2026-05-23,J. Chatfield,CAR,MTL,1.5,1.558,0.45,UNDER,0.55,2,miss
2026-05-23,J. Staal,CAR,MTL,1.5,1.612,0.467,UNDER,0.533,0,hit
2026-05-22,J. Manson,COL,VGK,1.5,1.559,0.451,UNDER,0.549,2,miss
2026-05-23,L. Stankoven,CAR,MTL,2.5,2.405,0.422,UNDER,0.578,1,hit
2026-05-22,N. MacKinnon,COL,VGK,4.0,3.984,0.442,UNDER,0.558,1,hit
2026-05-22,N. Kadri,COL,VGK,2.5,2.548,0.455,UNDER,0.545,2,hit
2026-05-23,N. Ehlers,CAR,MTL,2.5,2.582,0.463,UNDER,0.537,5,miss
2026-05-23,N. Dobson,MTL,CAR,1.5,1.67,0.484,UNDER,0.516,0,hit
2026-05-22,R. Andersson,VGK,COL,1.5,1.844,0.533,OVER,0.533,1,miss
2026-05-22,R. Colton,COL,VGK,1.5,1.814,0.524,OVER,0.524,1,miss
2026-05-22,S. Malinski,COL,VGK,2.0,2.026,0.439,UNDER,0.561,3,miss
2026-05-23,S. Aho,CAR,MTL,2.5,2.52,0.448,UNDER,0.552,2,hit
2026-05-22,S. Theodore,VGK,COL,2.0,1.776,0.354,UNDER,0.646,1,hit
2026-05-22,T. Hertl,VGK,COL,1.5,1.868,0.539,OVER,0.539,1,miss
2026-05-22,W. Karlsson,VGK,COL,1.5,1.728,0.5,OVER,0.5,2,hit
2026-05-24,A. Lehkonen,COL,VGK,1.5,1.86,0.537,OVER,0.537,1,miss
2026-05-24,B. Nelson,COL,VGK,2.0,2.105,0.465,UNDER,0.535,0,hit
2026-05-24,J. Eichel,VGK,COL,3.0,3.081,0.46,UNDER,0.54,1,hit
2026-05-24,M. Necas,COL,VGK,2.5,2.561,0.458,UNDER,0.542,2,hit
2026-05-24,N. MacKinnon,COL,VGK,3.5,3.81,0.506,OVER,0.506,5,hit
2026-05-24,N. Kadri,COL,VGK,2.5,2.456,0.434,UNDER,0.566,3,miss
2026-05-24,V. Nichushkin,COL,VGK,1.5,1.894,0.546,OVER,0.546,2,hit
2026-05-24,W. Karlsson,VGK,COL,1.5,1.803,0.521,OVER,0.521,2,hit
2026-05-25,A. Newhook,MTL,CAR,1.5,1.488,0.429,UNDER,0.571,1,hit
2026-05-24,B. Nelson,COL,VGK,2.0,2.105,0.465,UNDER,0.535,0,hit
2026-05-25,C. Caufield,MTL,CAR,2.5,2.641,0.476,UNDER,0.524,2,hit
2026-05-24,J. Eichel,VGK,COL,3.0,3.081,0.46,UNDER,0.54,1,hit
2026-05-25,J. Staal,CAR,MTL,1.5,1.523,0.44,UNDER,0.56,1,hit
2026-05-25,L. Stankoven,CAR,MTL,2.5,2.29,0.394,UNDER,0.606,1,hit
2026-05-24,M. Necas,COL,VGK,2.5,2.561,0.458,UNDER,0.542,2,hit
2026-05-24,N. Kadri,COL,VGK,2.5,2.456,0.434,UNDER,0.566,3,miss
2026-05-25,N. Dobson,MTL,CAR,1.5,1.695,0.491,UNDER,0.509,3,miss
2026-05-24,R. Andersson,VGK,COL,1.5,1.91,0.55,OVER,0.55,0,miss
2026-05-24,W. Karlsson,VGK,COL,1.5,1.803,0.521,OVER,0.521,2,hit
2026-05-25,A. Newhook,MTL,CAR,1.5,1.488,0.429,UNDER,0.571,1,hit
2026-05-26,A. Lehkonen,COL,VGK,1.5,1.861,0.537,OVER,0.537,1,miss
2026-05-26,B. Burns,COL,VGK,1.5,1.847,0.533,OVER,0.533,0,miss
2026-05-25,C. Caufield,MTL,CAR,2.5,2.641,0.476,UNDER,0.524,2,hit
2026-05-26,G. Landeskog,COL,VGK,2.5,2.353,0.409,UNDER,0.591,2,hit
2026-05-25,J. Staal,CAR,MTL,1.5,1.523,0.44,UNDER,0.56,1,hit
2026-05-25,L. Stankoven,CAR,MTL,2.5,2.29,0.394,UNDER,0.606,1,hit
2026-05-26,M. Necas,COL,VGK,2.5,2.57,0.46,UNDER,0.54,0,hit
2026-05-26,N. MacKinnon,COL,VGK,3.5,3.833,0.51,OVER,0.51,2,miss
2026-05-26,N. Kadri,COL,VGK,2.5,2.488,0.441,UNDER,0.559,0,hit
2026-05-25,N. Ehlers,CAR,MTL,2.5,2.521,0.449,UNDER,0.551,2,hit
2026-05-26,R. Andersson,VGK,COL,1.5,1.872,0.54,OVER,0.54,0,miss
2026-05-26,T. Hertl,VGK,COL,1.5,1.925,0.554,OVER,0.554,3,hit
2026-05-26,W. Karlsson,VGK,COL,1.5,1.805,0.522,OVER,0.522,4,hit
2026-05-27,A. Newhook,MTL,CAR,1.5,1.476,0.425,UNDER,0.575,1,hit
2026-05-26,A. Lehkonen,COL,VGK,1.5,1.861,0.537,OVER,0.537,1,miss
2026-05-26,B. Burns,COL,VGK,1.5,1.847,0.533,OVER,0.533,0,miss
2026-05-27,C. Caufield,MTL,CAR,2.5,2.605,0.468,UNDER,0.532,2,hit
2026-05-26,G. Landeskog,COL,VGK,2.5,2.353,0.409,UNDER,0.591,2,hit
2026-05-27,J. Staal,CAR,MTL,1.5,1.534,0.443,UNDER,0.557,1,hit
2026-05-27,L. Stankoven,CAR,MTL,2.5,2.307,0.398,UNDER,0.602,7,miss
2026-05-26,M. Necas,COL,VGK,2.5,2.57,0.46,UNDER,0.54,0,hit
2026-05-26,N. MacKinnon,COL,VGK,3.5,3.833,0.51,OVER,0.51,2,miss
2026-05-26,N. Kadri,COL,VGK,2.5,2.488,0.441,UNDER,0.559,0,hit
2026-05-27,N. Ehlers,CAR,MTL,2.5,2.558,0.457,UNDER,0.543,1,hit
2026-05-26,R. Andersson,VGK,COL,1.5,1.872,0.54,OVER,0.54,0,miss
2026-05-26,T. Hertl,VGK,COL,1.5,1.925,0.554,OVER,0.554,3,hit
2026-05-26,W. Karlsson,VGK,COL,1.5,1.805,0.522,OVER,0.522,4,hit
2026-05-27,A. Newhook,MTL,CAR,1.5,1.476,0.425,UNDER,0.575,1,hit
2026-05-27,C. Caufield,MTL,CAR,2.5,2.605,0.468,UNDER,0.532,2,hit
2026-05-27,I. Demidov,MTL,CAR,1.5,1.553,0.449,UNDER,0.551,1,hit
2026-05-27,N. Suzuki,MTL,CAR,2.0,1.977,0.423,UNDER,0.577,3,miss
2026-05-27,S. Jarvis,CAR,MTL,3.0,2.952,0.428,UNDER,0.572,3,push
2026-05-27,T. Hall,CAR,MTL,2.0,2.032,0.441,UNDER,0.559,3,miss
2026-05-29,A. Svechnikov,CAR,MTL,3.0,2.826,0.396,UNDER,0.604,1,hit
2026-05-29,L. Stankoven,CAR,MTL,2.5,2.495,0.443,UNDER,0.557,4,miss
2026-05-29,N. Suzuki,MTL,CAR,2.0,1.904,0.398,UNDER,0.602,3,miss
2026-05-29,N. Ehlers,CAR,MTL,2.5,2.668,0.482,UNDER,0.518,2,hit
2026-05-29,S. Aho,CAR,MTL,2.5,2.562,0.458,UNDER,0.542,3,miss
2026-05-29,A. Svechnikov,CAR,MTL,3.0,2.826,0.396,UNDER,0.604,1,hit
2026-05-29,I. Demidov,MTL,CAR,1.5,1.482,0.427,UNDER,0.573,1,hit
2026-05-29,L. Stankoven,CAR,MTL,2.5,2.495,0.443,UNDER,0.557,4,miss
2026-05-29,N. Suzuki,MTL,CAR,2.0,1.904,0.398,UNDER,0.602,3,miss
2026-05-29,N. Ehlers,CAR,MTL,2.5,2.668,0.482,UNDER,0.518,2,hit
2026-05-29,S. Aho,CAR,MTL,2.5,2.562,0.458,UNDER,0.542,3,miss
2026-06-02,J. Eichel,VGK,CAR,2.5,2.663,0.481,UNDER,0.519,3,miss
2026-06-02,L. Stankoven,CAR,VGK,2.5,2.336,0.405,UNDER,0.595,2,hit
2026-06-02,M. Stone,VGK,CAR,1.5,1.743,0.505,OVER,0.505,0,miss
2026-06-02,M. Marner,VGK,CAR,2.0,1.84,0.376,UNDER,0.624,1,hit
2026-06-02,S. Walker,CAR,VGK,1.5,2.009,0.575,OVER,0.575,2,hit
2026-06-02,T. Hall,CAR,VGK,2.0,1.996,0.429,UNDER,0.571,2,push
2026-06-02,T. Hertl,VGK,CAR,1.5,1.714,0.496,UNDER,0.504,2,miss
2026-06-02,J. Eichel,VGK,CAR,2.5,2.663,0.481,UNDER,0.519,3,miss
2026-06-02,L. Stankoven,CAR,VGK,2.5,2.336,0.405,UNDER,0.595,2,hit
2026-06-02,M. Stone,VGK,CAR,1.5,1.743,0.505,OVER,0.505,0,miss
2026-06-02,M. Marner,VGK,CAR,2.0,1.84,0.376,UNDER,0.624,1,hit
2026-06-02,S. Walker,CAR,VGK,1.5,2.009,0.575,OVER,0.575,2,hit
2026-06-02,T. Hall,CAR,VGK,2.0,1.996,0.429,UNDER,0.571,2,push
2026-06-02,T. Hertl,VGK,CAR,1.5,1.714,0.496,UNDER,0.504,2,miss
2026-06-04,J. Eichel,VGK,CAR,2.5,2.658,0.48,UNDER,0.52,0,hit
2026-06-04,J. Blake,CAR,VGK,2.0,2.163,0.484,UNDER,0.516,0,hit
2026-06-04,L. Stankoven,CAR,VGK,2.5,2.333,0.405,UNDER,0.595,2,hit
2026-06-04,M. Stone,VGK,CAR,1.5,1.712,0.496,UNDER,0.504,3,miss
2026-06-04,M. Marner,VGK,CAR,2.0,1.826,0.372,UNDER,0.628,3,miss
2026-06-04,P. Dorofeyev,VGK,CAR,2.5,2.312,0.4,UNDER,0.6,1,hit
2026-06-04,S. Walker,CAR,VGK,1.5,2.015,0.577,OVER,0.577,0,miss
2026-06-04,S. Theodore,VGK,CAR,1.5,1.567,0.453,UNDER,0.547,1,hit
2026-06-04,T. Hall,CAR,VGK,2.0,1.994,0.429,UNDER,0.571,4,miss
2026-06-04,T. Hertl,VGK,CAR,1.5,1.716,0.497,UNDER,0.503,0,hit
2026-06-04,W. Karlsson,VGK,CAR,1.5,1.651,0.478,UNDER,0.522,2,miss
2026-06-04,J. Eichel,VGK,CAR,2.5,2.658,0.48,UNDER,0.52,0,hit
2026-06-04,J. Blake,CAR,VGK,2.0,2.163,0.484,UNDER,0.516,0,hit
2026-06-04,L. Stankoven,CAR,VGK,2.5,2.333,0.405,UNDER,0.595,2,hit
2026-06-04,M. Stone,VGK,CAR,1.5,1.712,0.496,UNDER,0.504,3,miss
2026-06-04,P. Dorofeyev,VGK,CAR,2.5,2.312,0.4,UNDER,0.6,1,hit
2026-06-04,S. Theodore,VGK,CAR,1.5,1.567,0.453,UNDER,0.547,1,hit
2026-06-04,T. Hall,CAR,VGK,2.0,1.994,0.429,UNDER,0.571,4,miss
2026-06-04,T. Hertl,VGK,CAR,1.5,1.716,0.497,UNDER,0.503,0,hit
2026-06-04,W. Karlsson,VGK,CAR,1.5,1.651,0.478,UNDER,0.522,2,miss
2026-06-06,A. Svechnikov,CAR,VGK,2.5,2.414,0.424,UNDER,0.576,3,miss
2026-06-06,B. Howden,VGK,CAR,1.5,1.298,0.367,UNDER,0.633,3,miss
2026-06-06,I. Barbashev,VGK,CAR,1.5,1.516,0.437,UNDER,0.563,1,hit
2026-06-06,J. Eichel,VGK,CAR,2.5,2.734,0.496,UNDER,0.504,1,hit
2026-06-06,J. Blake,CAR,VGK,2.0,2.049,0.447,UNDER,0.553,2,push
2026-06-06,L. Stankoven,CAR,VGK,2.0,2.241,0.508,OVER,0.508,0,miss
2026-06-06,M. Marner,VGK,CAR,2.0,1.921,0.404,UNDER,0.596,10,miss
2026-06-06,N. Ehlers,CAR,VGK,2.0,2.381,0.55,OVER,0.55,2,push
2026-06-06,P. Dorofeyev,VGK,CAR,2.5,2.4,0.42,UNDER,0.58,1,hit
2026-06-06,S. Walker,CAR,VGK,1.5,1.906,0.549,OVER,0.549,3,hit
2026-06-06,S. Aho,CAR,VGK,2.0,2.293,0.524,OVER,0.524,0,miss
2026-06-06,S. Jarvis,CAR,VGK,2.5,2.737,0.497,UNDER,0.503,1,hit
2026-06-06,S. Theodore,VGK,CAR,1.5,1.632,0.472,UNDER,0.528,3,miss
2026-06-06,T. Hall,CAR,VGK,2.0,1.95,0.414,UNDER,0.586,3,miss
2026-06-06,T. Hertl,VGK,CAR,1.5,1.772,0.513,OVER,0.513,2,hit
2026-06-06,W. Karlsson,VGK,CAR,1.5,1.73,0.501,OVER,0.501,2,hit
2026-06-06,A. Svechnikov,CAR,VGK,2.5,2.414,0.424,UNDER,0.576,3,miss
2026-06-06,B. Howden,VGK,CAR,1.5,1.298,0.367,UNDER,0.633,3,miss
2026-06-06,I. Barbashev,VGK,CAR,1.5,1.516,0.437,UNDER,0.563,1,hit
2026-06-06,J. Eichel,VGK,CAR,2.5,2.734,0.496,UNDER,0.504,1,hit
2026-06-06,J. Blake,CAR,VGK,2.0,2.049,0.447,UNDER,0.553,2,push
2026-06-06,N. Ehlers,CAR,VGK,2.0,2.381,0.55,OVER,0.55,2,push
2026-06-06,P. Dorofeyev,VGK,CAR,2.5,2.4,0.42,UNDER,0.58,1,hit
2026-06-06,S. Walker,CAR,VGK,1.5,1.906,0.549,OVER,0.549,3,hit
2026-06-06,S. Aho,CAR,VGK,2.0,2.293,0.524,OVER,0.524,0,miss
2026-06-06,S. Jarvis,CAR,VGK,2.5,2.737,0.497,UNDER,0.503,1,hit
2026-06-06,S. Gostisbehere,CAR,VGK,1.5,1.732,0.501,OVER,0.501,1,miss
2026-06-06,S. Theodore,VGK,CAR,1.5,1.632,0.472,UNDER,0.528,3,miss
2026-06-06,T. Hall,CAR,VGK,2.0,1.95,0.414,UNDER,0.586,3,miss
2026-06-09,A. Svechnikov,CAR,VGK,2.5,2.466,0.436,UNDER,0.564,0,hit
2026-06-09,B. Howden,VGK,CAR,1.5,1.348,0.383,UNDER,0.617,1,hit
2026-06-09,J. Eichel,VGK,CAR,2.5,2.758,0.502,OVER,0.502,3,hit
2026-06-09,J. Blake,CAR,VGK,2.0,2.08,0.457,UNDER,0.543,3,miss
2026-06-09,J. Martinook,CAR,VGK,1.5,1.572,0.454,UNDER,0.546,1,hit
2026-06-09,M. Stone,VGK,CAR,2.0,1.86,0.383,UNDER,0.617,5,miss
2026-06-09,M. Marner,VGK,CAR,2.0,2.062,0.451,UNDER,0.549,0,hit
2026-06-09,N. Ehlers,CAR,VGK,2.5,2.413,0.424,UNDER,0.576,3,miss
2026-06-09,P. Dorofeyev,VGK,CAR,2.5,2.409,0.423,UNDER,0.577,2,hit
2026-06-09,S. Walker,CAR,VGK,1.5,1.961,0.563,OVER,0.563,1,miss
2026-06-09,S. Aho,CAR,VGK,2.0,2.287,0.522,OVER,0.522,3,hit
2026-06-09,S. Jarvis,CAR,VGK,2.5,2.756,0.501,OVER,0.501,2,miss
2026-06-09,S. Gostisbehere,CAR,VGK,1.5,1.739,0.504,OVER,0.504,1,miss
2026-06-09,S. Theodore,VGK,CAR,1.5,1.695,0.491,UNDER,0.509,2,miss
2026-06-09,T. Hall,CAR,VGK,2.0,1.999,0.43,UNDER,0.57,3,miss
2026-06-09,T. Hertl,VGK,CAR,1.5,1.796,0.52,OVER,0.52,2,hit
2026-06-09,A. Svechnikov,CAR,VGK,2.5,2.466,0.436,UNDER,0.564,0,hit
2026-06-09,B. Howden,VGK,CAR,1.5,1.348,0.383,UNDER,0.617,1,hit
2026-06-09,J. Eichel,VGK,CAR,2.5,2.758,0.502,OVER,0.502,3,hit
2026-06-09,J. Blake,CAR,VGK,2.0,2.08,0.457,UNDER,0.543,3,miss
2026-06-09,J. Martinook,CAR,VGK,1.5,1.572,0.454,UNDER,0.546,1,hit
2026-06-09,M. Stone,VGK,CAR,2.0,1.86,0.383,UNDER,0.617,5,miss
2026-06-09,M. Marner,VGK,CAR,2.0,2.062,0.451,UNDER,0.549,0,hit
2026-06-09,N. Ehlers,CAR,VGK,2.5,2.413,0.424,UNDER,0.576,3,miss
2026-06-09,P. Dorofeyev,VGK,CAR,2.5,2.409,0.423,UNDER,0.577,2,hit
2026-06-09,S. Walker,CAR,VGK,1.5,1.961,0.563,OVER,0.563,1,miss
2026-06-09,S. Aho,CAR,VGK,2.0,2.287,0.522,OVER,0.522,3,hit
2026-06-09,S. Jarvis,CAR,VGK,2.5,2.756,0.501,OVER,0.501,2,miss
2026-06-09,S. Gostisbehere,CAR,VGK,1.5,1.739,0.504,OVER,0.504,1,miss
2026-06-09,S. Theodore,VGK,CAR,1.5,1.695,0.491,UNDER,0.509,2,miss
2026-06-09,T. Hall,CAR,VGK,2.0,1.999,0.43,UNDER,0.57,3,miss
2026-06-09,T. Hertl,VGK,CAR,1.5,1.796,0.52,OVER,0.52,2,hit
2026-06-09,W. Karlsson,VGK,CAR,1.5,1.774,0.513,OVER,0.513,1,miss
2026-06-09,A. Svechnikov,CAR,VGK,2.5,2.466,0.436,UNDER,0.564,0,hit
2026-06-09,B. Howden,VGK,CAR,1.5,1.348,0.383,UNDER,0.617,1,hit
2026-06-09,J. Eichel,VGK,CAR,2.5,2.758,0.502,OVER,0.502,3,hit
2026-06-09,J. Blake,CAR,VGK,2.0,2.08,0.457,UNDER,0.543,3,miss
2026-06-09,J. Martinook,CAR,VGK,1.5,1.572,0.454,UNDER,0.546,1,hit
2026-06-09,J. Staal,CAR,VGK,1.5,1.543,0.445,UNDER,0.555,4,miss
2026-06-09,M. Stone,VGK,CAR,2.0,1.86,0.383,UNDER,0.617,5,miss
2026-06-09,M. Marner,VGK,CAR,2.0,2.062,0.451,UNDER,0.549,0,hit
2026-06-09,P. Dorofeyev,VGK,CAR,2.5,2.409,0.423,UNDER,0.577,2,hit
2026-06-09,S. Walker,CAR,VGK,1.5,1.961,0.563,OVER,0.563,1,miss
2026-06-09,S. Aho,CAR,VGK,2.0,2.287,0.522,OVER,0.522,3,hit
2026-06-09,S. Jarvis,CAR,VGK,2.5,2.756,0.501,OVER,0.501,2,miss
2026-06-09,S. Gostisbehere,CAR,VGK,1.5,1.739,0.504,OVER,0.504,1,miss
2026-06-09,S. Theodore,VGK,CAR,1.5,1.695,0.491,UNDER,0.509,2,miss
2026-06-09,T. Hall,CAR,VGK,2.0,1.999,0.43,UNDER,0.57,3,miss
2026-06-09,T. Hertl,VGK,CAR,1.5,1.796,0.52,OVER,0.52,2,hit
2026-06-11,A. Svechnikov,CAR,VGK,2.5,2.511,0.446,UNDER,0.554,3,miss
2026-06-11,B. Howden,VGK,CAR,1.5,1.286,0.363,UNDER,0.637,3,miss
2026-06-11,J. Eichel,VGK,CAR,2.5,2.642,0.476,UNDER,0.524,1,hit
2026-06-11,J. Blake,CAR,VGK,2.0,2.169,0.486,UNDER,0.514,2,push
2026-06-11,J. Martinook,CAR,VGK,1.5,1.621,0.469,UNDER,0.531,0,hit
2026-06-11,J. Staal,CAR,VGK,2.0,1.639,0.306,UNDER,0.694,3,miss
2026-06-11,L. Stankoven,CAR,VGK,2.5,2.35,0.409,UNDER,0.591,1,hit
2026-06-11,M. Stone,VGK,CAR,2.0,1.831,0.373,UNDER,0.627,1,hit
2026-06-11,M. Marner,VGK,CAR,2.0,1.958,0.416,UNDER,0.584,1,hit
2026-06-11,N. Ehlers,CAR,VGK,2.5,2.523,0.449,UNDER,0.551,0,hit
2026-06-11,S. Walker,CAR,VGK,1.5,2.026,0.579,OVER,0.579,0,miss
2026-06-11,S. Jarvis,CAR,VGK,2.5,2.85,0.521,OVER,0.521,4,hit
2026-06-11,S. Gostisbehere,CAR,VGK,1.5,1.782,0.516,OVER,0.516,0,miss
2026-06-11,T. Hertl,VGK,CAR,1.5,1.721,0.498,UNDER,0.502,3,miss
2026-06-11,A. Svechnikov,CAR,VGK,2.5,2.511,0.446,UNDER,0.554,3,miss
2026-06-11,J. Blake,CAR,VGK,2.0,2.169,0.486,UNDER,0.514,2,push
2026-06-11,J. Martinook,CAR,VGK,1.5,1.621,0.469,UNDER,0.531,0,hit
2026-06-11,J. Staal,CAR,VGK,2.0,1.639,0.306,UNDER,0.694,3,miss
2026-06-11,L. Stankoven,CAR,VGK,2.5,2.35,0.409,UNDER,0.591,1,hit
2026-06-11,M. Stone,VGK,CAR,2.0,1.831,0.373,UNDER,0.627,1,hit
2026-06-11,M. Marner,VGK,CAR,2.0,1.958,0.416,UNDER,0.584,1,hit
2026-06-11,N. Ehlers,CAR,VGK,2.5,2.523,0.449,UNDER,0.551,0,hit
2026-06-11,S. Walker,CAR,VGK,1.5,2.026,0.579,OVER,0.579,0,miss
2026-06-11,S. Jarvis,CAR,VGK,2.5,2.85,0.521,OVER,0.521,4,hit
2026-06-11,S. Gostisbehere,CAR,VGK,1.5,1.782,0.516,OVER,0.516,0,miss
2026-06-11,S. Theodore,VGK,CAR,1.5,1.629,0.472,UNDER,0.528,2,miss
2026-06-11,T. Hertl,VGK,CAR,1.5,1.721,0.498,UNDER,0.502,3,miss
2026-06-14,J. Eichel,VGK,CAR,2.5,2.73,0.495,UNDER,0.505,2,hit
2026-06-14,J. Blake,CAR,VGK,2.0,2.075,0.456,UNDER,0.544,3,miss
2026-06-14,J. Staal,CAR,VGK,2.0,1.592,0.29,UNDER,0.71,1,hit
2026-06-14,M. Stone,VGK,CAR,2.0,1.897,0.396,UNDER,0.604,2,push
2026-06-14,M. Marner,VGK,CAR,2.0,2.024,0.438,UNDER,0.562,3,miss
2026-06-14,P. Dorofeyev,VGK,CAR,2.5,2.399,0.42,UNDER,0.58,6,miss
2026-06-14,R. Andersson,VGK,CAR,1.5,1.751,0.507,OVER,0.507,0,miss
2026-06-14,S. Walker,CAR,VGK,1.5,1.91,0.55,OVER,0.55,0,miss
2026-06-14,S. Aho,CAR,VGK,2.0,2.277,0.519,OVER,0.519,1,miss
2026-06-14,S. Jarvis,CAR,VGK,2.5,2.751,0.5,OVER,0.5,2,miss
2026-06-14,S. Theodore,VGK,CAR,1.5,1.696,0.491,UNDER,0.509,1,hit
2026-06-14,J. Eichel,VGK,CAR,2.5,2.73,0.495,UNDER,0.505,2,hit
2026-06-14,J. Blake,CAR,VGK,2.0,2.075,0.456,UNDER,0.544,3,miss
2026-06-14,J. Staal,CAR,VGK,2.0,1.592,0.29,UNDER,0.71,1,hit
2026-06-14,M. Stone,VGK,CAR,2.0,1.897,0.396,UNDER,0.604,2,push
2026-06-14,M. Marner,VGK,CAR,2.0,2.024,0.438,UNDER,0.562,3,miss
2026-06-14,P. Dorofeyev,VGK,CAR,2.5,2.399,0.42,UNDER,0.58,6,miss
2026-06-14,R. Andersson,VGK,CAR,1.5,1.751,0.507,OVER,0.507,0,miss
2026-06-14,S. Walker,CAR,VGK,1.5,1.91,0.55,OVER,0.55,0,miss
2026-06-14,S. Aho,CAR,VGK,2.0,2.277,0.519,OVER,0.519,1,miss
2026-06-14,S. Jarvis,CAR,VGK,2.5,2.751,0.5,OVER,0.5,2,miss
2026-06-14,S. Theodore,VGK,CAR,1.5,1.696,0.491,UNDER,0.509,1,hit
